Delta,Time,CPU_FREQUENCY_0,CPU_FREQUENCY_1,CPU_FREQUENCY_2,CPU_FREQUENCY_3,CPU_FREQUENCY_4,CPU_FREQUENCY_5,CPU_FREQUENCY_6,CPU_FREQUENCY_7,CPU_FREQUENCY_8,CPU_FREQUENCY_9,CPU_TEMP_0,CPU_TEMP_1,CPU_TEMP_2,CPU_TEMP_3,CPU_TEMP_4,CPU_TEMP_5,CPU_TEMP_6,CPU_TEMP_7,CPU_TEMP_8,CPU_TEMP_9,CPU_USAGE_0,CPU_USAGE_1,CPU_USAGE_2,CPU_USAGE_3,CPU_USAGE_4,CPU_USAGE_5,CPU_USAGE_6,CPU_USAGE_7,CPU_USAGE_8,CPU_USAGE_9,SYSTEM_POWER (Watts),TOTAL_MEMORY,TOTAL_SWAP,USED_MEMORY,USED_SWAP
0,1770733636779,3228,3228,3228,3228,3228,3228,3228,3228,3228,3228,76.4555892944336,70.717041015625,76.529296875,76.13917541503906,76.89778137207031,76.66336822509766,70.40972900390625,71.51419067382813,70.8585205078125,70.8428726196289,50,0,NaN,50,50,66.66667175292969,50,0,0,0,21.870756149291992,17179869184,12884901888,13427965952,11890524160
204,1770733636779,3228,3228,3228,3228,3228,3228,3228,3228,3228,3228,76.4555892944336,70.717041015625,76.529296875,76.13917541503906,76.89778137207031,76.66336822509766,70.40972900390625,71.51419067382813,70.8585205078125,70.8428726196289,100,0,50,NaN,NaN,NaN,NaN,NaN,50,0,21.870756149291992,17179869184,12884901888,13429407744,11890524160
206,1770733636983,3228,3228,3228,3228,3228,3228,3228,3228,3228,3228,76.4555892944336,70.717041015625,76.529296875,76.13917541503906,76.89778137207031,76.66336822509766,70.40972900390625,71.51419067382813,70.8585205078125,70.8428726196289,100,100,100,100,100,100,100,100,100,100,21.870756149291992,17179869184,12884901888,13511147520,11890524160
199,1770733637190,3228,3228,3228,3228,3228,3228,3228,3228,3228,3228,76.26654052734375,71.34391021728516,76.53197479248047,76.56512451171875,77.31901550292969,77.40040588378906,72.15118408203125,73.65476989746094,73.61732482910156,73.32889556884766,100,100,100,100,100,100,100,100,100,100,21.870756149291992,17179869184,12884901888,13495287808,11890524160
202,1770733637390,3228,3228,3228,3228,3228,3228,3228,3228,3228,3228,76.26654052734375,71.34391021728516,76.53197479248047,76.56512451171875,77.31901550292969,77.40040588378906,72.15118408203125,73.65476989746094,73.61732482910156,73.32889556884766,100,100,100,100,100,100,100,100,100,100,21.870756149291992,17179869184,12884901888,13495697408,11890524160
203,1770733637593,3228,3228,3228,3228,3228,3228,3228,3228,3228,3228,76.26654052734375,71.34391021728516,76.53197479248047,76.56512451171875,77.31901550292969,77.40040588378906,72.15118408203125,73.65476989746094,73.61732482910156,73.32889556884766,100,100,100,100,100,100,100,100,100,100,23.273239135742188,17179869184,12884901888,13498155008,11890524160
206,1770733637796,3228,3228,3228,3228,3228,3228,3228,3228,3228,3228,76.26654052734375,71.34391021728516,76.53197479248047,76.56512451171875,77.31901550292969,77.40040588378906,72.15118408203125,73.65476989746094,73.61732482910156,73.32889556884766,100,100,100,100,100,100,100,100,100,100,23.273239135742188,17179869184,12884901888,13503643648,11890524160
204,1770733638003,3228,3228,3228,3228,3228,3228,3228,3228,3228,3228,76.26654052734375,71.34391021728516,76.53197479248047,76.56512451171875,77.31901550292969,77.40040588378906,72.15118408203125,73.65476989746094,73.61732482910156,73.32889556884766,100,100,100,100,100,100,100,100,100,100,23.273239135742188,17179869184,12884901888,13504659456,11890524160
201,1770733638208,3228,3228,3228,3228,3228,3228,3228,3228,3228,3228,75.13027954101563,72.2283706665039,75.33563995361328,75.63838958740234,77.47019958496094,77.75566101074219,73.53704833984375,75.19609069824219,77.2642593383789,77.3272476196289,100,100,100,100,100,100,100,100,100,100,23.273239135742188,17179869184,12884901888,13486178304,11890524160
204,1770733638410,3228,3228,3228,3228,3228,3228,3228,3228,3228,3228,75.13027954101563,72.2283706665039,75.33563995361328,75.63838958740234,77.47019958496094,77.75566101074219,73.53704833984375,75.19609069824219,77.2642593383789,77.3272476196289,100,100,100,100,100,100,100,100,100,100,23.273239135742188,17179869184,12884901888,13484081152,11890524160
204,1770733638614,3228,3228,3228,3228,3228,3228,3228,3228,3228,3228,75.13027954101563,72.2283706665039,75.33563995361328,75.63838958740234,77.47019958496094,77.75566101074219,73.53704833984375,75.19609069824219,77.2642593383789,77.3272476196289,100,100,100,100,100,100,100,100,100,100,24.67744255065918,17179869184,12884901888,13485080576,11890524160
201,1770733638823,3228,3228,3228,3228,3228,3228,3228,3228,3228,3228,75.13027954101563,72.2283706665039,75.33563995361328,75.63838958740234,77.47019958496094,77.75566101074219,73.53704833984375,75.19609069824219,77.2642593383789,77.3272476196289,100,100,100,100,100,100,100,100,100,100,24.67744255065918,17179869184,12884901888,13493764096,11890524160
199,1770733639025,3228,3228,3228,3228,3228,3228,3228,3228,3228,3228,75.13027954101563,72.2283706665039,75.33563995361328,75.63838958740234,77.47019958496094,77.75566101074219,73.53704833984375,75.19609069824219,77.2642593383789,77.3272476196289,100,100,100,100,100,100,100,100,100,100,24.67744255065918,17179869184,12884901888,13497974784,11890524160
203,1770733639225,3228,3228,3228,3228,3228,3228,3228,3228,3228,3228,75.54613494873047,72.22435760498047,75.93414306640625,75.89511108398438,77.82263946533203,78.2392349243164,73.49444580078125,75.24588012695313,77.42440032958984,77.5905532836914,100,100,100,100,100,100,100,100,100,100,24.67744255065918,17179869184,12884901888,13486424064,11890524160
202,1770733639428,3228,3228,3228,3228,3228,3228,3228,3228,3228,3228,75.54613494873047,72.22435760498047,75.93414306640625,75.89511108398438,77.82263946533203,78.2392349243164,73.49444580078125,75.24588012695313,77.42440032958984,77.5905532836914,100,100,100,100,100,100,100,100,100,100,24.67744255065918,17179869184,12884901888,13490765824,11890524160
202,1770733639631,3228,3228,3228,3228,3228,3228,3228,3228,3228,3228,75.54613494873047,72.22435760498047,75.93414306640625,75.89511108398438,77.82263946533203,78.2392349243164,73.49444580078125,75.24588012695313,77.42440032958984,77.5905532836914,100,100,100,100,100,100,100,100,100,100,25.41643524169922,17179869184,12884901888,13491404800,11890524160
201,1770733639834,3228,3228,3228,3228,3228,3228,3228,3228,3228,3228,75.54613494873047,72.22435760498047,75.93414306640625,75.89511108398438,77.82263946533203,78.2392349243164,73.49444580078125,75.24588012695313,77.42440032958984,77.5905532836914,100,100,100,100,100,100,100,100,100,100,25.41643524169922,17179869184,12884901888,13491404800,11890524160
204,1770733640036,3228,3228,3228,3228,3228,3228,3228,3228,3228,3228,75.54613494873047,72.22435760498047,75.93414306640625,75.89511108398438,77.82263946533203,78.2392349243164,73.49444580078125,75.24588012695313,77.42440032958984,77.5905532836914,100,100,100,100,100,100,100,100,100,100,25.41643524169922,17179869184,12884901888,13491404800,11890524160
203,1770733640241,3228,3228,3228,3228,3228,3228,3228,3228,3228,3228,74.97209930419922,72.13973999023438,75.20257568359375,75.2058334350586,77.16742706298828,77.51725769042969,72.96757507324219,75.05239868164063,77.3020248413086,77.2672119140625,100,100,100,100,100,100,100,100,100,100,25.41643524169922,17179869184,12884901888,13491404800,11890524160
200,1770733640445,3228,3228,3228,3228,3228,3228,3228,3228,3228,3228,74.97209930419922,72.13973999023438,75.20257568359375,75.2058334350586,77.16742706298828,77.51725769042969,72.96757507324219,75.05239868164063,77.3020248413086,77.2672119140625,100,100,100,100,100,100,100,100,100,100,25.41643524169922,17179869184,12884901888,13495074816,11890524160
207,1770733640645,3228,3228,3228,3228,3228,3228,3228,3228,3228,3228,74.97209930419922,72.13973999023438,75.20257568359375,75.2058334350586,77.16742706298828,77.51725769042969,72.96757507324219,75.05239868164063,77.3020248413086,77.2672119140625,100,100,100,100,100,100,100,100,100,100,25.351009368896484,17179869184,12884901888,13530120192,11890524160
204,1770733640853,3228,3228,3228,3228,3228,3228,3228,3228,3228,3228,74.97209930419922,72.13973999023438,75.20257568359375,75.2058334350586,77.16742706298828,77.51725769042969,72.96757507324219,75.05239868164063,77.3020248413086,77.2672119140625,100,100,100,100,100,100,100,100,100,100,25.351009368896484,17179869184,12884901888,13528612864,11890524160
201,1770733641058,3228,3228,3228,3228,3228,3228,3228,3228,3228,3228,74.95199584960938,71.97600555419922,75.19862365722656,75.36782836914063,77.15503692626953,77.27222442626953,72.98805236816406,75.29351806640625,77.22980499267578,77.20729064941406,100,100,100,100,100,100,100,100,100,100,25.351009368896484,17179869184,12884901888,13504970752,11890524160
200,1770733641261,3228,3228,3228,3228,3228,3228,3228,3228,3228,3228,74.95199584960938,71.97600555419922,75.19862365722656,75.36782836914063,77.15503692626953,77.27222442626953,72.98805236816406,75.29351806640625,77.22980499267578,77.20729064941406,100,100,100,100,100,100,100,100,100,100,25.351009368896484,17179869184,12884901888,13516603392,11890524160
201,1770733641465,3228,3228,3228,3228,3228,3228,3228,3228,3228,3228,74.95199584960938,71.97600555419922,75.19862365722656,75.36782836914063,77.15503692626953,77.27222442626953,72.98805236816406,75.29351806640625,77.22980499267578,77.20729064941406,100,100,100,100,100,100,100,100,100,100,25.351009368896484,17179869184,12884901888,13535264768,11890524160
204,1770733641667,3228,3228,3228,3228,3228,3228,3228,3228,3228,3228,74.95199584960938,71.97600555419922,75.19862365722656,75.36782836914063,77.15503692626953,77.27222442626953,72.98805236816406,75.29351806640625,77.22980499267578,77.20729064941406,100,100,100,100,100,100,100,100,100,100,24.834238052368164,17179869184,12884901888,13523582976,11890524160
203,1770733641872,3228,3228,3228,3228,3228,3228,3228,3228,3228,3228,74.95199584960938,71.97600555419922,75.19862365722656,75.36782836914063,77.15503692626953,77.27222442626953,72.98805236816406,75.29351806640625,77.22980499267578,77.20729064941406,100,100,100,100,100,100,100,100,100,100,24.834238052368164,17179869184,12884901888,13523582976,11890524160
203,1770733642075,3228,3228,3228,3228,3228,3228,3228,3228,3228,3228,74.97003936767578,71.9023666381836,74.99090576171875,75.18556213378906,77.18168640136719,77.13756561279297,72.88270568847656,74.8577880859375,77.0334243774414,77.24214172363281,100,100,100,100,100,100,100,100,100,100,24.834238052368164,17179869184,12884901888,13523582976,11890524160
202,1770733642279,3228,3228,3228,3228,3228,3228,3228,3228,3228,3228,74.97003936767578,71.9023666381836,74.99090576171875,75.18556213378906,77.18168640136719,77.13756561279297,72.88270568847656,74.8577880859375,77.0334243774414,77.24214172363281,100,100,100,100,100,100,100,100,100,100,24.834238052368164,17179869184,12884901888,13523582976,11890524160
204,1770733642482,3228,3228,3228,3228,3228,3228,3228,3228,3228,3228,74.97003936767578,71.9023666381836,74.99090576171875,75.18556213378906,77.18168640136719,77.13756561279297,72.88270568847656,74.8577880859375,77.0334243774414,77.24214172363281,100,100,100,100,100,100,100,100,100,100,24.834238052368164,17179869184,12884901888,13508984832,11890524160
202,1770733642687,3228,3228,3228,3228,3228,3228,3228,3228,3228,3228,74.97003936767578,71.9023666381836,74.99090576171875,75.18556213378906,77.18168640136719,77.13756561279297,72.88270568847656,74.8577880859375,77.0334243774414,77.24214172363281,100,100,100,100,100,100,100,100,100,100,25.343687057495117,17179869184,12884901888,13506396160,11890524160
201,1770733642890,3228,3228,3228,3228,3228,3228,3228,3228,3228,3228,74.97003936767578,71.9023666381836,74.99090576171875,75.18556213378906,77.18168640136719,77.13756561279297,72.88270568847656,74.8577880859375,77.0334243774414,77.24214172363281,100,100,100,100,100,100,100,100,100,100,25.343687057495117,17179869184,12884901888,13502513152,11890524160
203,1770733643091,3228,3228,3228,3228,3228,3228,3228,3228,3228,3228,75.00971984863281,71.81643676757813,75.11283874511719,75.42245483398438,77.45280456542969,77.19788360595703,72.97480773925781,74.82429504394531,76.91465759277344,77.05276489257813,100,100,100,100,100,100,100,100,100,100,25.343687057495117,17179869184,12884901888,13507903488,11890524160
202,1770733643295,3228,3228,3228,3228,3228,3228,3228,3228,3228,3228,75.00971984863281,71.81643676757813,75.11283874511719,75.42245483398438,77.45280456542969,77.19788360595703,72.97480773925781,74.82429504394531,76.91465759277344,77.05276489257813,100,100,100,100,100,100,100,100,100,100,25.343687057495117,17179869184,12884901888,13499236352,11890524160
205,1770733643497,3228,3228,3228,3228,3228,3228,3228,3228,3228,3228,75.00971984863281,71.81643676757813,75.11283874511719,75.42245483398438,77.45280456542969,77.19788360595703,72.97480773925781,74.82429504394531,76.91465759277344,77.05276489257813,100,100,100,100,100,100,100,100,100,100,25.343687057495117,17179869184,12884901888,13494714368,11890524160
204,1770733643704,3228,3228,3228,3228,3228,3228,3228,3228,3228,3228,75.00971984863281,71.81643676757813,75.11283874511719,75.42245483398438,77.45280456542969,77.19788360595703,72.97480773925781,74.82429504394531,76.91465759277344,77.05276489257813,100,100,100,100,100,100,100,100,100,100,24.452049255371094,17179869184,12884901888,13496156160,11890524160
203,1770733643908,3228,3228,3228,3228,3228,3228,3228,3228,3228,3228,75.00971984863281,71.81643676757813,75.11283874511719,75.42245483398438,77.45280456542969,77.19788360595703,72.97480773925781,74.82429504394531,76.91465759277344,77.05276489257813,100,100,100,100,100,100,100,100,100,100,24.452049255371094,17179869184,12884901888,13497860096,11890524160
204,1770733644111,3228,3228,3228,3228,3228,3228,3228,3228,3228,3228,75.02732849121094,71.95199584960938,75.28487396240234,75.67295837402344,77.67628479003906,77.39720916748047,72.88041687011719,74.93138122558594,76.98145294189453,77.17723083496094,100,100,100,100,100,100,100,100,100,100,24.452049255371094,17179869184,12884901888,13500219392,11890524160
199,1770733644317,3228,3228,3228,3228,3228,3228,3228,3228,3228,3228,75.02732849121094,71.95199584960938,75.28487396240234,75.67295837402344,77.67628479003906,77.39720916748047,72.88041687011719,74.93138122558594,76.98145294189453,77.17723083496094,100,100,100,100,100,100,100,100,100,100,24.452049255371094,17179869184,12884901888,13500973056,11890524160
204,1770733644517,3228,3228,3228,3228,3228,3228,3228,3228,3228,3228,75.02732849121094,71.95199584960938,75.28487396240234,75.67295837402344,77.67628479003906,77.39720916748047,72.88041687011719,74.93138122558594,76.98145294189453,77.17723083496094,100,100,100,100,100,100,100,100,100,100,26.117965698242188,17179869184,12884901888,13501661184,11890524160
202,1770733644722,3228,3228,3228,3228,3228,3228,3228,3228,3228,3228,75.02732849121094,71.95199584960938,75.28487396240234,75.67295837402344,77.67628479003906,77.39720916748047,72.88041687011719,74.93138122558594,76.98145294189453,77.17723083496094,100,100,100,100,100,100,100,100,100,100,26.117965698242188,17179869184,12884901888,13502709760,11890524160
203,1770733644925,3228,3228,3228,3228,3228,3228,3228,3228,3228,3228,75.02732849121094,71.95199584960938,75.28487396240234,75.67295837402344,77.67628479003906,77.39720916748047,72.88041687011719,74.93138122558594,76.98145294189453,77.17723083496094,100,100,100,100,100,100,100,100,100,100,26.117965698242188,17179869184,12884901888,13502709760,11890524160
201,1770733645130,3228,3228,3228,3228,3228,3228,3228,3228,3228,3228,74.26239776611328,71.71070098876953,74.68631744384766,75.08183288574219,76.9215087890625,77.01294708251953,72.57423400878906,74.44969177246094,76.81575012207031,76.83194732666016,100,100,100,100,100,100,100,100,100,100,26.117965698242188,17179869184,12884901888,13502709760,11890524160
204,1770733645332,3228,3228,3228,3228,3228,3228,3228,3228,3228,3228,74.26239776611328,71.71070098876953,74.68631744384766,75.08183288574219,76.9215087890625,77.01294708251953,72.57423400878906,74.44969177246094,76.81575012207031,76.83194732666016,100,100,100,100,100,100,100,100,100,100,26.117965698242188,17179869184,12884901888,13502709760,11890524160
200,1770733645536,3228,3228,3228,3228,3228,3228,3228,3228,3228,3228,74.26239776611328,71.71070098876953,74.68631744384766,75.08183288574219,76.9215087890625,77.01294708251953,72.57423400878906,74.44969177246094,76.81575012207031,76.83194732666016,100,100,100,100,100,100,100,100,100,100,24.660221099853516,17179869184,12884901888,13490814976,11890524160
205,1770733645737,3228,3228,3228,3228,3228,3228,3228,3228,3228,3228,74.26239776611328,71.71070098876953,74.68631744384766,75.08183288574219,76.9215087890625,77.01294708251953,72.57423400878906,74.44969177246094,76.81575012207031,76.83194732666016,100,100,100,100,100,100,100,100,100,100,24.660221099853516,17179869184,12884901888,13468008448,11890524160
203,1770733645943,3228,3228,3228,3228,3228,3228,3228,3228,3228,3228,74.26239776611328,71.71070098876953,74.68631744384766,75.08183288574219,76.9215087890625,77.01294708251953,72.57423400878906,74.44969177246094,76.81575012207031,76.83194732666016,100,100,100,100,100,100,100,100,100,100,24.660221099853516,17179869184,12884901888,13464584192,11890524160
203,1770733646146,3228,3228,3228,3228,3228,3228,3228,3228,3228,3228,74.31689453125,71.57540893554688,74.6144790649414,75.0445556640625,76.88573455810547,76.93440246582031,72.82640075683594,74.6280517578125,76.98221588134766,76.75193786621094,100,100,100,100,100,100,100,100,100,100,24.660221099853516,17179869184,12884901888,13462732800,11890524160
201,1770733646350,3228,3228,3228,3228,3228,3228,3228,3228,3228,3228,74.31689453125,71.57540893554688,74.6144790649414,75.0445556640625,76.88573455810547,76.93440246582031,72.82640075683594,74.6280517578125,76.98221588134766,76.75193786621094,100,100,100,100,100,100,100,100,100,100,24.660221099853516,17179869184,12884901888,13464125440,11890524160
204,1770733646551,3228,3228,3228,3228,3228,3228,3228,3228,3228,3228,74.31689453125,71.57540893554688,74.6144790649414,75.0445556640625,76.88573455810547,76.93440246582031,72.82640075683594,74.6280517578125,76.98221588134766,76.75193786621094,100,100,100,100,100,100,100,100,100,100,25.03067970275879,17179869184,12884901888,13465468928,11890524160
204,1770733646756,3228,3228,3228,3228,3228,3228,3228,3228,3228,3228,74.31689453125,71.57540893554688,74.6144790649414,75.0445556640625,76.88573455810547,76.93440246582031,72.82640075683594,74.6280517578125,76.98221588134766,76.75193786621094,100,100,100,100,100,100,100,100,100,100,25.03067970275879,17179869184,12884901888,13464846336,11890524160
204,1770733646961,3228,3228,3228,3228,3228,3228,3228,3228,3228,3228,74.31689453125,71.57540893554688,74.6144790649414,75.0445556640625,76.88573455810547,76.93440246582031,72.82640075683594,74.6280517578125,76.98221588134766,76.75193786621094,100,100,100,100,100,100,100,100,100,100,25.03067970275879,17179869184,12884901888,13479739392,11890524160
203,1770733647166,3228,3228,3228,3228,3228,3228,3228,3228,3228,3228,74.2205581665039,71.55816650390625,74.50541687011719,74.87567138671875,76.6270751953125,76.52890014648438,72.65415954589844,74.52197265625,76.67851257324219,76.85194396972656,100,100,100,100,100,100,100,100,100,100,25.03067970275879,17179869184,12884901888,13559087104,11890524160
202,1770733647369,3228,3228,3228,3228,3228,3228,3228,3228,3228,3228,74.2205581665039,71.55816650390625,74.50541687011719,74.87567138671875,76.6270751953125,76.52890014648438,72.65415954589844,74.52197265625,76.67851257324219,76.85194396972656,100,100,100,100,100,100,100,100,100,100,25.03067970275879,17179869184,12884901888,13559087104,11890524160
205,1770733647572,3228,3228,3228,3228,3228,3228,3228,3228,3228,3228,74.2205581665039,71.55816650390625,74.50541687011719,74.87567138671875,76.6270751953125,76.52890014648438,72.65415954589844,74.52197265625,76.67851257324219,76.85194396972656,100,100,100,100,100,100,100,100,100,100,24.576417922973633,17179869184,12884901888,13643644928,11890524160
199,1770733647779,3228,3228,3228,3228,3228,3228,3228,3228,3228,3228,74.2205581665039,71.55816650390625,74.50541687011719,74.87567138671875,76.6270751953125,76.52890014648438,72.65415954589844,74.52197265625,76.67851257324219,76.85194396972656,100,100,100,100,100,100,100,100,100,100,24.576417922973633,17179869184,12884901888,13635928064,11890524160
200,1770733647979,3228,3228,3228,3228,3228,3228,3228,3228,3228,3228,74.2205581665039,71.55816650390625,74.50541687011719,74.87567138671875,76.6270751953125,76.52890014648438,72.65415954589844,74.52197265625,76.67851257324219,76.85194396972656,100,100,100,100,100,100,100,100,100,100,24.576417922973633,17179869184,12884901888,13640679424,11890524160
200,1770733648180,3228,3228,3228,3228,3228,3228,3228,3228,3228,3228,74.7171401977539,71.70233917236328,75.0795669555664,74.95463562011719,77.14916229248047,77.14280700683594,72.87449645996094,75.05171203613281,76.75236511230469,77.1209716796875,100,100,100,100,100,100,100,100,100,100,24.576417922973633,17179869184,12884901888,13640679424,11890524160
204,1770733648380,3228,3228,3228,3228,3228,3228,3228,3228,3228,3228,74.7171401977539,71.70233917236328,75.0795669555664,74.95463562011719,77.14916229248047,77.14280700683594,72.87449645996094,75.05171203613281,76.75236511230469,77.1209716796875,100,100,100,100,100,100,100,100,100,100,24.576417922973633,17179869184,12884901888,13640679424,11890524160
199,1770733648585,3228,3228,3228,3228,3228,3228,3228,3228,3228,3228,74.7171401977539,71.70233917236328,75.0795669555664,74.95463562011719,77.14916229248047,77.14280700683594,72.87449645996094,75.05171203613281,76.75236511230469,77.1209716796875,100,100,100,100,100,100,100,100,100,100,26.856529235839844,17179869184,12884901888,13585268736,11890524160
204,1770733648785,3228,3228,3228,3228,3228,3228,3228,3228,3228,3228,74.7171401977539,71.70233917236328,75.0795669555664,74.95463562011719,77.14916229248047,77.14280700683594,72.87449645996094,75.05171203613281,76.75236511230469,77.1209716796875,100,100,100,100,100,100,100,100,100,100,26.856529235839844,17179869184,12884901888,13638893568,11890524160
204,1770733648989,3228,3228,3228,3228,3228,3228,3228,3228,3228,3228,74.7171401977539,71.70233917236328,75.0795669555664,74.95463562011719,77.14916229248047,77.14280700683594,72.87449645996094,75.05171203613281,76.75236511230469,77.1209716796875,100,100,100,100,100,100,100,100,100,100,26.856529235839844,17179869184,12884901888,13641957376,11890524160
200,1770733649194,3228,3228,3228,3228,3228,3228,3228,3228,3228,3228,74.8442153930664,71.89612579345703,75.15459442138672,75.722900390625,77.539794921875,77.40808868408203,73.18247985839844,75.43124389648438,76.92097473144531,77.23098754882813,100,100,100,100,100,100,100,100,100,100,26.856529235839844,17179869184,12884901888,13642186752,11890524160
203,1770733649394,3228,3228,3228,3228,3228,3228,3228,3228,3228,3228,74.8442153930664,71.89612579345703,75.15459442138672,75.722900390625,77.539794921875,77.40808868408203,73.18247985839844,75.43124389648438,76.92097473144531,77.23098754882813,100,100,100,100,100,100,100,100,100,100,26.856529235839844,17179869184,12884901888,13635911680,11890524160
204,1770733649598,3228,3228,3228,3228,3228,3228,3228,3228,3228,3228,74.8442153930664,71.89612579345703,75.15459442138672,75.722900390625,77.539794921875,77.40808868408203,73.18247985839844,75.43124389648438,76.92097473144531,77.23098754882813,100,100,100,100,100,100,100,100,100,100,27.448909759521484,17179869184,12884901888,13627047936,11890524160
206,1770733649803,3228,3228,3228,3228,3228,3228,3228,3228,3228,3228,74.8442153930664,71.89612579345703,75.15459442138672,75.722900390625,77.539794921875,77.40808868408203,73.18247985839844,75.43124389648438,76.92097473144531,77.23098754882813,100,100,100,100,100,100,100,100,100,100,27.448909759521484,17179869184,12884901888,13601816576,11890524160
200,1770733650010,3228,3228,3228,3228,3228,3228,3228,3228,3228,3228,74.8442153930664,71.89612579345703,75.15459442138672,75.722900390625,77.539794921875,77.40808868408203,73.18247985839844,75.43124389648438,76.92097473144531,77.23098754882813,100,100,100,100,100,100,100,100,100,100,27.448909759521484,17179869184,12884901888,13582991360,11890524160
200,1770733650211,3228,3228,3228,3228,3228,3228,3228,3228,3228,3228,74.66099548339844,71.52249145507813,74.85649871826172,75.23796844482422,76.90672302246094,77.16788482666016,72.62193298339844,74.73719787597656,76.44219970703125,77.08760070800781,100,100,100,100,100,100,100,100,100,100,27.448909759521484,17179869184,12884901888,13585088512,11890524160
206,1770733650411,3228,3228,3228,3228,3228,3228,3228,3228,3228,3228,74.66099548339844,71.52249145507813,74.85649871826172,75.23796844482422,76.90672302246094,77.16788482666016,72.62193298339844,74.73719787597656,76.44219970703125,77.08760070800781,100,100,100,100,100,100,100,100,100,100,27.448909759521484,17179869184,12884901888,13583351808,11890524160
204,1770733650618,3228,3228,3228,3228,3228,3228,3228,3228,3228,3228,74.66099548339844,71.52249145507813,74.85649871826172,75.23796844482422,76.90672302246094,77.16788482666016,72.62193298339844,74.73719787597656,76.44219970703125,77.08760070800781,100,100,100,100,100,100,100,100,100,100,26.689411163330078,17179869184,12884901888,13573472256,11890524160
203,1770733650823,3228,3228,3228,3228,3228,3228,3228,3228,3228,3228,74.66099548339844,71.52249145507813,74.85649871826172,75.23796844482422,76.90672302246094,77.16788482666016,72.62193298339844,74.73719787597656,76.44219970703125,77.08760070800781,100,100,100,100,100,100,100,100,100,100,26.689411163330078,17179869184,12884901888,13572423680,11890524160
204,1770733651027,3228,3228,3228,3228,3228,3228,3228,3228,3228,3228,74.66099548339844,71.52249145507813,74.85649871826172,75.23796844482422,76.90672302246094,77.16788482666016,72.62193298339844,74.73719787597656,76.44219970703125,77.08760070800781,100,100,100,100,100,100,100,100,100,100,26.689411163330078,17179869184,12884901888,13576273920,11890524160
202,1770733651232,3228,3228,3228,3228,3228,3228,3228,3228,3228,3228,74.7041244506836,71.39253234863281,74.79766845703125,75.54251098632813,76.9771728515625,77.46456146240234,72.82698059082031,74.62307739257813,76.38398742675781,77.43026733398438,100,100,100,100,100,100,100,100,100,100,26.689411163330078,17179869184,12884901888,13578928128,11890524160
203,1770733651435,3228,3228,3228,3228,3228,3228,3228,3228,3228,3228,74.7041244506836,71.39253234863281,74.79766845703125,75.54251098632813,76.9771728515625,77.46456146240234,72.82698059082031,74.62307739257813,76.38398742675781,77.43026733398438,100,100,100,100,100,100,100,100,100,100,26.689411163330078,17179869184,12884901888,13577748480,11890524160
204,1770733651639,3228,3228,3228,3228,3228,3228,3228,3228,3228,3228,74.7041244506836,71.39253234863281,74.79766845703125,75.54251098632813,76.9771728515625,77.46456146240234,72.82698059082031,74.62307739257813,76.38398742675781,77.43026733398438,100,100,100,100,100,100,100,100,100,100,27.34462547302246,17179869184,12884901888,13573439488,11890524160
202,1770733651844,3228,3228,3228,3228,3228,3228,3228,3228,3228,3228,74.7041244506836,71.39253234863281,74.79766845703125,75.54251098632813,76.9771728515625,77.46456146240234,72.82698059082031,74.62307739257813,76.38398742675781,77.43026733398438,100,100,100,100,100,100,100,100,100,100,27.34462547302246,17179869184,12884901888,13572489216,11890524160
204,1770733652047,3228,3228,3228,3228,3228,3228,3228,3228,3228,3228,74.7041244506836,71.39253234863281,75.31858825683594,76.0181884765625,76.9771728515625,77.46456146240234,72.82698059082031,74.62307739257813,76.38398742675781,77.43026733398438,100,100,100,100,100,100,100,100,100,100,27.34462547302246,17179869184,12884901888,13560266752,11890524160
203,1770733652252,3228,3228,3228,3228,3228,3228,3228,3228,3228,3228,75.30874633789063,71.54698944091797,75.31858825683594,76.0181884765625,78.11453247070313,78.55233764648438,72.89546203613281,74.74443054199219,76.7625961303711,77.32064056396484,100,100,100,100,100,100,100,100,100,100,27.34462547302246,17179869184,12884901888,13564887040,11890524160
204,1770733652455,3228,3228,3228,3228,3228,3228,3228,3228,3228,3228,75.30874633789063,71.54698944091797,75.31858825683594,76.0181884765625,78.11453247070313,78.55233764648438,72.89546203613281,74.74443054199219,76.7625961303711,77.32064056396484,100,100,100,100,100,100,100,100,100,100,27.34462547302246,17179869184,12884901888,13566033920,11890524160
202,1770733652660,3228,3228,3228,3228,3228,3228,3228,3228,3228,3228,75.30874633789063,71.54698944091797,75.31858825683594,76.0181884765625,78.11453247070313,78.55233764648438,72.89546203613281,74.74443054199219,76.7625961303711,77.32064056396484,100,100,100,100,100,100,100,100,100,100,26.191570281982422,17179869184,12884901888,13569048576,11890524160
205,1770733652863,3228,3228,3228,3228,3228,3228,3228,3228,3228,3228,75.30874633789063,71.54698944091797,75.31858825683594,76.0181884765625,78.11453247070313,78.55233764648438,72.89546203613281,74.74443054199219,76.7625961303711,77.32064056396484,100,100,100,100,100,100,100,100,100,100,26.191570281982422,17179869184,12884901888,13568458752,11890524160
203,1770733653069,3228,3228,3228,3228,3228,3228,3228,3228,3228,3228,74.15624237060547,71.09310913085938,74.19449615478516,74.6126937866211,76.28516387939453,76.58924102783203,72.48342895507813,74.13694763183594,76.42324829101563,76.555419921875,100,100,100,100,100,100,100,100,100,100,26.191570281982422,17179869184,12884901888,13568753664,11890524160
203,1770733653272,3228,3228,3228,3228,3228,3228,3228,3228,3228,3228,74.15624237060547,71.09310913085938,74.19449615478516,74.6126937866211,76.28516387939453,76.58924102783203,72.48342895507813,74.13694763183594,76.42324829101563,76.555419921875,100,100,100,100,100,100,100,100,100,100,26.191570281982422,17179869184,12884901888,13577928704,11890524160
202,1770733653476,3228,3228,3228,3228,3228,3228,3228,3228,3228,3228,74.15624237060547,71.09310913085938,74.19449615478516,74.6126937866211,76.28516387939453,76.58924102783203,72.48342895507813,74.13694763183594,76.42324829101563,76.555419921875,100,100,100,100,100,100,100,100,100,100,26.191570281982422,17179869184,12884901888,13576601600,11890524160
203,1770733653679,3228,3228,3228,3228,3228,3228,3228,3228,3228,3228,74.15624237060547,71.09310913085938,74.19449615478516,74.6126937866211,76.28516387939453,76.58924102783203,72.48342895507813,74.13694763183594,76.42324829101563,76.555419921875,100,100,100,100,100,100,100,100,100,100,27.273574829101563,17179869184,12884901888,13587005440,11890524160
202,1770733653883,3228,3228,3228,3228,3228,3228,3228,3228,3228,3228,74.15624237060547,71.09310913085938,74.19449615478516,74.6126937866211,76.28516387939453,76.58924102783203,72.48342895507813,74.13694763183594,76.42324829101563,76.555419921875,100,100,100,100,100,100,100,100,100,100,27.273574829101563,17179869184,12884901888,13556563968,11890524160
203,1770733654086,3228,3228,3228,3228,3228,3228,3228,3228,3228,3228,74.57249450683594,71.32101440429688,74.56900024414063,75.27581024169922,77.45773315429688,77.59577941894531,72.42927551269531,74.40434265136719,76.4041748046875,77.02015686035156,100,100,100,100,100,100,100,100,100,100,27.273574829101563,17179869184,12884901888,13550796800,11890524160
204,1770733654289,3228,3228,3228,3228,3228,3228,3228,3228,3228,3228,74.57249450683594,71.32101440429688,74.56900024414063,75.27581024169922,77.45773315429688,77.59577941894531,72.42927551269531,74.40434265136719,76.4041748046875,77.02015686035156,100,100,100,100,100,100,100,100,100,100,27.273574829101563,17179869184,12884901888,13541736448,11890524160
200,1770733654494,3228,3228,3228,3228,3228,3228,3228,3228,3228,3228,74.57249450683594,71.32101440429688,74.56900024414063,75.27581024169922,77.45773315429688,77.59577941894531,72.42927551269531,74.40434265136719,76.4041748046875,77.02015686035156,100,100,100,100,100,100,100,100,100,100,27.273574829101563,17179869184,12884901888,13541736448,11890524160
204,1770733654694,3228,3228,3228,3228,3228,3228,3228,3228,3228,3228,74.57249450683594,71.32101440429688,74.56900024414063,75.27581024169922,77.45773315429688,77.59577941894531,72.42927551269531,74.40434265136719,76.4041748046875,77.02015686035156,100,100,100,100,100,100,100,100,100,100,23.86769676208496,17179869184,12884901888,13580451840,11890524160
201,1770733654900,3228,3228,3228,3228,3228,3228,3228,3228,3228,3228,74.57249450683594,71.32101440429688,74.56900024414063,75.27581024169922,77.45773315429688,77.59577941894531,72.42927551269531,74.40434265136719,76.4041748046875,77.02015686035156,100,100,100,100,100,100,100,100,100,100,23.86769676208496,17179869184,12884901888,13576847360,11890524160
204,1770733655101,3228,3228,3228,3228,3228,3228,3228,3228,3228,3228,74.13941192626953,71.21210479736328,74.43556213378906,74.6228256225586,76.31300354003906,76.96688079833984,72.13246154785156,74.07342529296875,76.16339874267578,76.50041961669922,100,100,100,100,100,100,100,100,100,100,23.86769676208496,17179869184,12884901888,13561135104,11890524160
204,1770733655305,3228,3228,3228,3228,3228,3228,3228,3228,3228,3228,74.13941192626953,71.21210479736328,74.43556213378906,74.6228256225586,76.31300354003906,76.96688079833984,72.13246154785156,74.07342529296875,76.16339874267578,76.50041961669922,100,100,100,100,100,100,100,100,100,100,23.86769676208496,17179869184,12884901888,13561135104,11890524160
203,1770733655510,3228,3228,3228,3228,3228,3228,3228,3228,3228,3228,74.13941192626953,71.21210479736328,74.43556213378906,74.6228256225586,76.31300354003906,76.96688079833984,72.13246154785156,74.07342529296875,76.16339874267578,76.50041961669922,100,100,100,100,100,100,100,100,100,100,27.869781494140625,17179869184,12884901888,13561135104,11890524160
203,1770733655715,3228,3228,3228,3228,3228,3228,3228,3228,3228,3228,74.13941192626953,71.21210479736328,74.43556213378906,74.6228256225586,76.31300354003906,76.96688079833984,72.13246154785156,74.07342529296875,76.16339874267578,76.50041961669922,100,100,100,100,100,100,100,100,100,100,27.869781494140625,17179869184,12884901888,13587136512,11890524160
201,1770733655918,3228,3228,3228,3228,3228,3228,3228,3228,3228,3228,74.13941192626953,71.21210479736328,74.43556213378906,74.6228256225586,76.31300354003906,76.96688079833984,72.13246154785156,74.07342529296875,76.16339874267578,76.50041961669922,100,100,100,100,100,100,100,100,100,100,27.869781494140625,17179869184,12884901888,13596049408,11890524160
204,1770733656120,3228,3228,3228,3228,3228,3228,3228,3228,3228,3228,73.91124725341797,71.16151428222656,74.36363983154297,74.94062805175781,76.30787658691406,76.54618835449219,72.290283203125,74.23631286621094,75.94005584716797,76.20355224609375,100,100,100,100,100,100,100,100,100,100,27.869781494140625,17179869184,12884901888,13598031872,11890524160
207,1770733656325,3228,3228,3228,3228,3228,3228,3228,3228,3228,3228,73.91124725341797,71.16151428222656,74.36363983154297,74.94062805175781,76.30787658691406,76.54618835449219,72.290283203125,74.23631286621094,75.94005584716797,76.20355224609375,100,100,100,100,100,100,100,100,100,100,27.869781494140625,17179869184,12884901888,13592821760,11890524160
203,1770733656533,3228,3228,3228,3228,3228,3228,3228,3228,3228,3228,73.91124725341797,71.16151428222656,74.36363983154297,74.94062805175781,76.30787658691406,76.54618835449219,72.290283203125,74.23631286621094,75.94005584716797,76.20355224609375,100,100,100,100,100,100,100,100,100,100,24.874563217163086,17179869184,12884901888,13594116096,11890524160
204,1770733656736,3228,3228,3228,3228,3228,3228,3228,3228,3228,3228,73.91124725341797,71.16151428222656,74.36363983154297,74.94062805175781,76.30787658691406,76.54618835449219,72.290283203125,74.23631286621094,75.94005584716797,76.20355224609375,100,100,100,100,100,100,100,100,100,100,24.874563217163086,17179869184,12884901888,13593526272,11890524160
204,1770733656941,3228,3228,3228,3228,3228,3228,3228,3228,3228,3228,73.91124725341797,71.16151428222656,74.36363983154297,74.94062805175781,76.30787658691406,76.54618835449219,72.290283203125,74.23631286621094,75.94005584716797,76.20355224609375,100,100,100,100,100,100,100,100,100,100,24.874563217163086,17179869184,12884901888,13574799360,11890524160
200,1770733657146,3228,3228,3228,3228,3228,3228,3228,3228,3228,3228,73.78925323486328,71.0086898803711,73.95873260498047,74.45372772216797,75.82433319091797,75.95574951171875,72.12419128417969,73.93710327148438,75.89912414550781,76.18924713134766,100,100,100,100,100,100,100,100,100,100,24.874563217163086,17179869184,12884901888,13554958336,11890524160
202,1770733657347,3228,3228,3228,3228,3228,3228,3228,3228,3228,3228,73.78925323486328,71.0086898803711,73.95873260498047,74.45372772216797,75.82433319091797,75.95574951171875,72.12419128417969,73.93710327148438,75.89912414550781,76.18924713134766,100,100,100,100,100,100,100,100,100,100,24.874563217163086,17179869184,12884901888,13549993984,11890524160
204,1770733657550,3228,3228,3228,3228,3228,3228,3228,3228,3228,3228,73.78925323486328,71.0086898803711,73.95873260498047,74.45372772216797,75.82433319091797,75.95574951171875,72.12419128417969,73.93710327148438,75.89912414550781,76.18924713134766,100,100,100,100,100,100,100,100,100,100,25.869150161743164,17179869184,12884901888,13543817216,11890524160
202,1770733657755,3228,3228,3228,3228,3228,3228,3228,3228,3228,3228,73.78925323486328,71.0086898803711,73.95873260498047,74.45372772216797,75.82433319091797,75.95574951171875,72.12419128417969,73.93710327148438,75.89912414550781,76.18924713134766,100,100,100,100,100,100,100,100,100,100,25.869150161743164,17179869184,12884901888,13537443840,11890524160
203,1770733657958,3228,3228,3228,3228,3228,3228,3228,3228,3228,3228,73.78925323486328,71.0086898803711,73.95873260498047,74.45372772216797,75.82433319091797,75.95574951171875,72.12419128417969,73.93710327148438,75.89912414550781,76.18924713134766,100,100,100,100,100,100,100,100,100,100,25.869150161743164,17179869184,12884901888,13559021568,11890524160
201,1770733658161,3228,3228,3228,3228,3228,3228,3228,3228,3228,3228,73.95689392089844,70.8909683227539,74.14702606201172,74.44876098632813,75.97172546386719,76.43450927734375,71.90229797363281,73.84211730957031,75.94823455810547,76.38600158691406,100,100,100,100,100,100,100,100,100,100,25.869150161743164,17179869184,12884901888,13559021568,11890524160
201,1770733658363,3228,3228,3228,3228,3228,3228,3228,3228,3228,3228,73.95689392089844,70.8909683227539,74.14702606201172,74.44876098632813,75.97172546386719,76.43450927734375,71.90229797363281,73.84211730957031,75.94823455810547,76.38600158691406,100,100,100,100,100,100,100,100,100,100,25.869150161743164,17179869184,12884901888,13559021568,11890524160
204,1770733658564,3228,3228,3228,3228,3228,3228,3228,3228,3228,3228,73.95689392089844,70.8909683227539,74.14702606201172,74.44876098632813,75.97172546386719,76.43450927734375,71.90229797363281,73.84211730957031,75.94823455810547,76.38600158691406,100,100,100,100,100,100,100,100,100,100,25.03260040283203,17179869184,12884901888,13559021568,11890524160
204,1770733658769,3228,3228,3228,3228,3228,3228,3228,3228,3228,3228,73.95689392089844,70.8909683227539,74.14702606201172,74.44876098632813,75.97172546386719,76.43450927734375,71.90229797363281,73.84211730957031,75.94823455810547,76.38600158691406,100,100,100,100,100,100,100,100,100,100,25.03260040283203,17179869184,12884901888,13559332864,11890524160
201,1770733658974,3228,3228,3228,3228,3228,3228,3228,3228,3228,3228,73.95689392089844,70.8909683227539,74.14702606201172,74.44876098632813,75.97172546386719,76.43450927734375,71.90229797363281,73.84211730957031,75.94823455810547,76.38600158691406,100,100,100,100,100,100,100,100,100,100,25.03260040283203,17179869184,12884901888,13556465664,11890524160
203,1770733659176,3228,3228,3228,3228,3228,3228,3228,3228,3228,3228,74.25667572021484,71.22622680664063,74.19508361816406,74.28340911865234,76.99242401123047,77.23664093017578,71.84170532226563,73.97575378417969,76.08419036865234,76.5230712890625,100,100,100,100,100,100,100,100,100,100,25.03260040283203,17179869184,12884901888,13551583232,11890524160
201,1770733659379,3228,3228,3228,3228,3228,3228,3228,3228,3228,3228,74.25667572021484,71.22622680664063,74.19508361816406,74.28340911865234,76.99242401123047,77.23664093017578,71.84170532226563,73.97575378417969,76.08419036865234,76.5230712890625,100,100,100,100,100,100,100,100,100,100,25.03260040283203,17179869184,12884901888,13546012672,11890524160
206,1770733659581,3228,3228,3228,3228,3228,3228,3228,3228,3228,3228,74.25667572021484,71.22622680664063,74.19508361816406,74.28340911865234,76.99242401123047,77.23664093017578,71.84170532226563,73.97575378417969,76.08419036865234,76.5230712890625,100,100,100,100,100,100,100,100,100,100,26.66232681274414,17179869184,12884901888,13541326848,11890524160
201,1770733659787,3228,3228,3228,3228,3228,3228,3228,3228,3228,3228,74.25667572021484,71.22622680664063,74.19508361816406,74.28340911865234,76.99242401123047,77.23664093017578,71.84170532226563,73.97575378417969,76.08419036865234,76.5230712890625,100,100,100,100,100,100,100,100,100,100,26.66232681274414,17179869184,12884901888,13519634432,11890524160
203,1770733659989,3228,3228,3228,3228,3228,3228,3228,3228,3228,3228,74.25667572021484,71.22622680664063,74.19508361816406,74.28340911865234,76.99242401123047,77.23664093017578,71.84170532226563,73.97575378417969,76.08419036865234,76.5230712890625,100,100,100,100,100,100,100,100,100,100,26.66232681274414,17179869184,12884901888,13522010112,11890524160
202,1770733660192,3228,3228,3228,3228,3228,3228,3228,3228,3228,3228,74.05369567871094,70.96037292480469,74.55817413330078,74.7137222290039,76.58885192871094,76.75680541992188,71.95350646972656,73.95675659179688,76.0904541015625,76.26081085205078,100,100,100,100,100,100,100,100,100,100,26.66232681274414,17179869184,12884901888,13514227712,11890524160
207,1770733660395,3228,3228,3228,3228,3228,3228,3228,3228,3228,3228,74.05369567871094,70.96037292480469,74.55817413330078,74.7137222290039,76.58885192871094,76.75680541992188,71.95350646972656,73.95675659179688,76.0904541015625,76.26081085205078,100,100,100,100,100,100,100,100,100,100,26.66232681274414,17179869184,12884901888,13532053504,11890524160
201,1770733660603,3228,3228,3228,3228,3228,3228,3228,3228,3228,3228,74.05369567871094,70.96037292480469,74.55817413330078,74.7137222290039,76.58885192871094,76.75680541992188,71.95350646972656,73.95675659179688,76.0904541015625,76.26081085205078,100,100,100,100,100,100,100,100,100,100,25.806631088256836,17179869184,12884901888,13547962368,11890524160
203,1770733660804,3228,3228,3228,3228,3228,3228,3228,3228,3228,3228,74.05369567871094,70.96037292480469,74.55817413330078,74.7137222290039,76.58885192871094,76.75680541992188,71.95350646972656,73.95675659179688,76.0904541015625,76.26081085205078,100,100,100,100,100,100,100,100,100,100,25.806631088256836,17179869184,12884901888,13551239168,11890524160
204,1770733661008,3228,3228,3228,3228,3228,3228,3228,3228,3228,3228,74.05369567871094,70.96037292480469,74.55817413330078,74.7137222290039,76.58885192871094,76.75680541992188,71.95350646972656,73.95675659179688,76.0904541015625,76.26081085205078,100,100,100,100,100,100,100,100,100,100,25.806631088256836,17179869184,12884901888,13547175936,11890524160
204,1770733661213,3228,3228,3228,3228,3228,3228,3228,3228,3228,3228,73.69810485839844,70.94134521484375,73.7412109375,73.91650390625,76.09404754638672,75.90792083740234,71.72970581054688,73.5562744140625,75.8430404663086,76.03670501708984,100,100,100,100,100,100,100,100,100,100,25.806631088256836,17179869184,12884901888,13547667456,11890524160
9,1770733661418,3228,3228,3228,3228,3228,3228,3228,3228,3228,3228,73.69810485839844,70.94134521484375,73.7412109375,73.91650390625,76.09404754638672,75.90792083740234,71.72970581054688,73.5562744140625,75.8430404663086,76.03670501708984,100,100,80,80,73.68421173095703,70,55,42.85714340209961,35,25,25.806631088256836,17179869184,12884901888,13572177920,11890524160
